{
    "testtest": {
        "stuck_vessels": 0,
        "total_time": 885.7177459630336,
        "template_name": "testtest",
        "best_possible_time": 0.0,
        "total_waiting_time": 30.689444444444447,
        "max_waiting_time": 16.84861111111111
    },
    "full": {
        "stuck_vessels": 0,
        "total_time": 3093.778616503546,
        "template_name": "full",
        "best_possible_time": 3178.4035642962276,
        "total_waiting_time": 36.05638888888889,
        "max_waiting_time": 16.10361111111111
    }
}