{
    "testtest": {
        "stuck_vessels": 0,
        "total_time": 885.7177459630336,
        "template_name": "testtest",
        "best_possible_time": 0.0,
        "total_waiting_time": 30.689444444444447,
        "max_waiting_time": 16.84861111111111
    },
    "full": {
        "stuck_vessels": 0,
        "total_time": 3187.755844558475,
        "template_name": "full",
        "best_possible_time": 3178.4035642962285,
        "total_waiting_time": 82.64861111111111,
        "max_waiting_time": 18.2525
    },
    "test_1": {
        "stuck_vessels": 0,
        "total_time": 331.7032218033063,
        "template_name": "test_1",
        "best_possible_time": 321.2303327936645,
        "total_waiting_time": 0.0,
        "max_waiting_time": 0.0
    },
    "solo": {
        "stuck_vessels": 0,
        "total_time": 3186.7459679814656,
        "template_name": "solo",
        "best_possible_time": 3178.4035642962285,
        "total_waiting_time": 82.64861111111111,
        "max_waiting_time": 18.2525
    }
}