{
    "full": {
        "stuck_vessels": 0,
        "total_time": 4287.214972778861,
        "template_name": "full",
        "best_possible_time": 4002.232594554918,
        "total_waiting_time": 740.408845705,
        "max_waiting_time": 216.0
    }
}