{
    "testtest": {
        "stuck_vessels": 0,
        "total_time": 885.7177459630336,
        "template_name": "testtest",
        "best_possible_time": 0.0,
        "total_waiting_time": 30.689444444444447,
        "max_waiting_time": 16.84861111111111
    },
    "full": {
        "stuck_vessels": 0,
        "total_time": 5380.106843222432,
        "template_name": "full",
        "best_possible_time": 3954.403692900895,
        "total_waiting_time": 1416.0,
        "max_waiting_time": 288.0
    }
}