{
    "testtest": {
        "stuck_vessels": 0,
        "total_time": 885.7177459630336,
        "template_name": "testtest",
        "best_possible_time": 0.0,
        "total_waiting_time": 30.689444444444447,
        "max_waiting_time": 16.84861111111111
    },
    "full": {
        "stuck_vessels": 0,
        "total_time": 3228.971474148475,
        "template_name": "full",
        "best_possible_time": 3178.4035642962276,
        "total_waiting_time": 42.555,
        "max_waiting_time": 18.2525
    }
}