{
    "full": {
        "stuck_vessels": 0,
        "total_time": 3816.9701607333845,
        "template_name": "full",
        "best_possible_time": 3993.4505457527125,
        "total_waiting_time": 329.2620799172222,
        "max_waiting_time": 96.0
    },
    "test_1": {
        "stuck_vessels": 0,
        "total_time": 331.7032218033063,
        "template_name": "test_1",
        "best_possible_time": 321.2303327936645,
        "total_waiting_time": 0.0,
        "max_waiting_time": 0.0
    },
    "solo": {
        "stuck_vessels": 0,
        "total_time": 3186.7459679814656,
        "template_name": "solo",
        "best_possible_time": 3178.4035642962285,
        "total_waiting_time": 82.64861111111111,
        "max_waiting_time": 18.2525
    }
}